beam_id,offered_payload_mbps,offered_ip_mbps,rx_mbps,tx_packets,rx_packets,lost_packets,delivery_ratio,loss_rate,mean_delay_ms
0,12.000000,12.336000,6.949417,89889,50701,39188,0.564040,0.435960,719.570973
1,4.000000,4.112000,4.106791,29962,29962,0,1.000000,0.000000,21.497557
2,4.000000,4.112000,4.106380,29959,29959,0,1.000000,0.000000,21.497177
3,4.000000,4.112000,4.106106,29957,29957,0,1.000000,0.000000,21.497272
4,4.000000,4.112000,4.105695,29954,29954,0,1.000000,0.000000,21.497015
5,4.000000,4.112000,4.105421,29952,29952,0,1.000000,0.000000,21.497444
6,4.000000,4.112000,4.105010,29949,29949,0,1.000000,0.000000,21.497311
